{"chromosome_structure":{"ba":{"length":10,"start":110},"bh":{"length":10,"start":56},"bp":{"length":10,"start":92},"bs":{"length":10,"start":18},"bv":{"length":10,"start":0},"bw":{"length":10,"start":66},"gn":{"length":1,"start":130},"hm":{"length":8,"start":76},"im":{"length":10,"start":120},"mh":{"length":10,"start":36},"mw":{"length":10,"start":46},"pm":{"length":8,"start":102},"sm":{"length":8,"start":28},"vm":{"length":8,"start":10},"wm":{"length":8,"start":84}},"conceiving_probability":0.9737992144904168,"food_chain_rank":1,"is_asexual":0,"mating_age_end":25.608568647811268,"mating_age_start":8.652535888259557,"mutation_probability":0.010033947045095986,"offsprings_factor":9.998065179959987,"species_age_fitness_on_death_ratio":8.929552577343166,"species_age_on_death":3.086102925486865,"species_chromosome_number":256,"species_fitness_on_death":73.41441673364291,"species_height_on_speed":-0.05080050956142529,"species_height_on_stamina":-0.05294433526233046,"species_height_on_vitality":0.10843501963527762,"species_max_age":8.760377268529318,"species_sleep_restore_factor":31.04106302122759,"species_stamina_on_appetite":-0.2870960181067303,"species_stamina_on_speed":0.5384521962104467,"species_theoretical_maximum_base_appetite":10308.061761439623,"species_theoretical_maximum_base_height":0.5085878099781616,"species_theoretical_maximum_base_speed":15.834405475991536,"species_theoretical_maximum_base_stamina":9867.89534833209,"species_theoretical_maximum_base_vitality":10664.053848694251,"species_theoretical_maximum_base_weight":19.791511910790074,"species_theoretical_maximum_height":5.2672349010672495,"species_theoretical_maximum_height_multiplier":0.8666804900602258,"species_theoretical_maximum_speed":153.95747916475477,"species_theoretical_maximum_speed_multiplier":1.051078603172246,"species_theoretical_maximum_stamina_multiplier":1.0034409142968246,"species_theoretical_maximum_vitality_multiplier":1.0450832075452567,"species_theoretical_maximum_weight":353.6876393514717,"species_theoretical_maximum_weight_multiplier":1.0350211094427726,"species_vitality_on_appetite":-0.28470927955681713,"species_vitality_on_speed":0.0,"species_weight_on_speed":-0.0,"species_weight_on_stamina":-0.2538649041608108,"species_weight_on_vitality":0.2642065724865336,"vision_radius":161.65090733843024}