{"chromosome_structure":{"ba":{"length":10,"start":110},"bh":{"length":10,"start":56},"bp":{"length":10,"start":92},"bs":{"length":10,"start":18},"bv":{"length":10,"start":0},"bw":{"length":10,"start":66},"gn":{"length":1,"start":130},"hm":{"length":8,"start":76},"im":{"length":10,"start":120},"mh":{"length":10,"start":36},"mw":{"length":10,"start":46},"pm":{"length":8,"start":102},"sm":{"length":8,"start":28},"vm":{"length":8,"start":10},"wm":{"length":8,"start":84}},"conceiving_probability":1.0209810752545885,"food_chain_rank":1,"is_asexual":0,"mating_age_end":24.604410764023203,"mating_age_start":10.524048073726203,"mutation_probability":0.009961896477737113,"offsprings_factor":9.931917441507645,"species_age_fitness_on_death_ratio":8.984797240348499,"species_age_on_death":3.1624110515988795,"species_chromosome_number":256,"species_fitness_on_death":67.57106307830817,"species_height_on_speed":-0.049870620984319845,"species_height_on_stamina":-0.053703247082983845,"species_height_on_vitality":0.09772552969850598,"species_max_age":26.557247402860195,"species_sleep_restore_factor":31.37306571150998,"species_stamina_on_appetite":-0.3129201919019727,"species_stamina_on_speed":0.5013933667104036,"species_theoretical_maximum_base_appetite":10349.249590053652,"species_theoretical_maximum_base_height":0.4705255263692245,"species_theoretical_maximum_base_speed":13.337681333257015,"species_theoretical_maximum_base_stamina":9879.912841364032,"species_theoretical_maximum_base_vitality":9838.90351123147,"species_theoretical_maximum_base_weight":19.723906819192806,"species_theoretical_maximum_height":4.7341093551276066,"species_theoretical_maximum_height_multiplier":0.9329627453360817,"species_theoretical_maximum_speed":147.55962402524523,"species_theoretical_maximum_speed_multiplier":0.9652854876322468,"species_theoretical_maximum_stamina_multiplier":0.9085147152945361,"species_theoretical_maximum_vitality_multiplier":0.9563500968748759,"species_theoretical_maximum_weight":419.7512371408372,"species_theoretical_maximum_weight_multiplier":0.9649401014461003,"species_vitality_on_appetite":-0.3218448365631012,"species_vitality_on_speed":0.0,"species_weight_on_speed":-0.0,"species_weight_on_stamina":-0.21397983064663942,"species_weight_on_vitality":0.24283489001002917,"vision_radius":441.38138603529194}