{"chromosome_structure":{"ba":{"length":10,"start":110},"bh":{"length":10,"start":56},"bp":{"length":10,"start":92},"bs":{"length":10,"start":18},"bv":{"length":10,"start":0},"bw":{"length":10,"start":66},"gn":{"length":1,"start":130},"hm":{"length":8,"start":76},"im":{"length":10,"start":120},"mh":{"length":10,"start":36},"mw":{"length":10,"start":46},"pm":{"length":8,"start":102},"sm":{"length":8,"start":28},"vm":{"length":8,"start":10},"wm":{"length":8,"start":84}},"conceiving_probability":1.0301782066958682,"food_chain_rank":1,"is_asexual":0,"mating_age_end":23.41257624953636,"mating_age_start":11.224217012715084,"mutation_probability":0.00993838614935892,"offsprings_factor":10.048858232362402,"species_age_fitness_on_death_ratio":8.988976067082545,"species_age_on_death":2.9222539503001466,"species_chromosome_number":256,"species_fitness_on_death":72.48378961936956,"species_height_on_speed":-0.04835471092590567,"species_height_on_stamina":-0.052594718551280326,"species_height_on_vitality":0.1052654219678044,"species_max_age":18.314215935829385,"species_sleep_restore_factor":29.806346523339855,"species_stamina_on_appetite":-0.29596626280256305,"species_stamina_on_speed":0.5057936023293819,"species_theoretical_maximum_base_appetite":9695.061107009502,"species_theoretical_maximum_base_height":0.5262333814501041,"species_theoretical_maximum_base_speed":13.510622084602703,"species_theoretical_maximum_base_stamina":10068.041008158005,"species_theoretical_maximum_base_vitality":9139.897268652134,"species_theoretical_maximum_base_weight":18.92865743782739,"species_theoretical_maximum_height":4.87465027895605,"species_theoretical_maximum_height_multiplier":0.9709708856269417,"species_theoretical_maximum_speed":153.54872924351508,"species_theoretical_maximum_speed_multiplier":0.9691520493057831,"species_theoretical_maximum_stamina_multiplier":1.0842755772629513,"species_theoretical_maximum_vitality_multiplier":1.039204804145525,"species_theoretical_maximum_weight":422.22091252844234,"species_theoretical_maximum_weight_multiplier":0.9372979400472957,"species_vitality_on_appetite":-0.3093296112481981,"species_vitality_on_speed":0.0,"species_weight_on_speed":-0.0,"species_weight_on_stamina":-0.22780136253615485,"species_weight_on_vitality":0.2432522394255779,"vision_radius":204.2290175873577}