{"chromosome_structure":{"ba":{"length":10,"start":110},"bh":{"length":10,"start":56},"bp":{"length":10,"start":92},"bs":{"length":10,"start":18},"bv":{"length":10,"start":0},"bw":{"length":10,"start":66},"gn":{"length":1,"start":130},"hm":{"length":8,"start":76},"im":{"length":10,"start":120},"mh":{"length":10,"start":36},"mw":{"length":10,"start":46},"pm":{"length":8,"start":102},"sm":{"length":8,"start":28},"vm":{"length":8,"start":10},"wm":{"length":8,"start":84}},"conceiving_probability":0.7261895167273396,"mating_age_end":23.144394981382487,"mating_age_start":10.282592752197933,"mutation_probability":0.010030402507795085,"offsprings_factor":10.07686784561654,"species_age_fitness_on_death_ratio":9.01619145538601,"species_age_on_death":5.3312613673245846,"species_chromosome_number":256,"species_fitness_on_death":103.11943566499386,"species_height_on_speed":-0.04739477412677023,"species_height_on_stamina":-0.044823768678405436,"species_height_on_vitality":0.10730594193148382,"species_max_age":39.8852518485362,"species_sleep_restore_factor":28.564485581448054,"species_stamina_on_appetite":-0.29048557641851136,"species_stamina_on_speed":0.5149779634484489,"species_theoretical_maximum_base_appetite":10158.347663310786,"species_theoretical_maximum_base_height":0.5001393871756945,"species_theoretical_maximum_base_speed":15.430644811016595,"species_theoretical_maximum_base_stamina":9988.646096579372,"species_theoretical_maximum_base_vitality":10051.138631442558,"species_theoretical_maximum_base_weight":18.076134314566854,"species_theoretical_maximum_height":4.860870759174304,"species_theoretical_maximum_height_multiplier":0.9887157457633822,"species_theoretical_maximum_speed":154.4556190270973,"species_theoretical_maximum_speed_multiplier":1.084688599295744,"species_theoretical_maximum_stamina_multiplier":0.9867597101700005,"species_theoretical_maximum_vitality_multiplier":0.9814967507456694,"species_theoretical_maximum_weight":383.1726876021972,"species_theoretical_maximum_weight_multiplier":0.9821552829911834,"species_vitality_on_appetite":-0.2714232661019974,"species_vitality_on_speed":0.0,"species_weight_on_speed":-0.0,"species_weight_on_stamina":-0.2399358289703253,"species_weight_on_vitality":0.2471399174895995}