{"chromosome_structure":{"ba":{"length":10,"start":110},"bh":{"length":10,"start":56},"bp":{"length":10,"start":92},"bs":{"length":10,"start":18},"bv":{"length":10,"start":0},"bw":{"length":10,"start":66},"gn":{"length":1,"start":130},"hm":{"length":8,"start":76},"im":{"length":10,"start":120},"mh":{"length":10,"start":36},"mw":{"length":10,"start":46},"pm":{"length":8,"start":102},"sm":{"length":8,"start":28},"vm":{"length":8,"start":10},"wm":{"length":8,"start":84}},"conceiving_probability":0.774291333687716,"mating_age_end":26.57434083359655,"mating_age_start":10.67322841834499,"mutation_probability":0.010015515737223557,"offsprings_factor":10.037317359199287,"species_age_fitness_on_death_ratio":9.046931091043447,"species_age_on_death":5.681058656071749,"species_chromosome_number":256,"species_fitness_on_death":91.5890408455977,"species_height_on_speed":-0.053232950703046636,"species_height_on_stamina":-0.0508657471979942,"species_height_on_vitality":0.09916547559378161,"species_max_age":22.67923466497183,"species_sleep_restore_factor":31.541708342486192,"species_stamina_on_appetite":-0.2774797746720654,"species_stamina_on_speed":0.4738253597468346,"species_theoretical_maximum_base_appetite":9882.554022124998,"species_theoretical_maximum_base_height":0.4889005155809303,"species_theoretical_maximum_base_speed":13.851227426737466,"species_theoretical_maximum_base_stamina":9959.20254093983,"species_theoretical_maximum_base_vitality":9712.438377257786,"species_theoretical_maximum_base_weight":19.506467410645726,"species_theoretical_maximum_height":5.011499530291826,"species_theoretical_maximum_height_multiplier":0.9981330710152395,"species_theoretical_maximum_speed":149.65842417537056,"species_theoretical_maximum_speed_multiplier":1.1012360470175484,"species_theoretical_maximum_stamina_multiplier":1.032640914444567,"species_theoretical_maximum_vitality_multiplier":1.012931150946498,"species_theoretical_maximum_weight":370.6399749892899,"species_theoretical_maximum_weight_multiplier":0.9599765558525193,"species_vitality_on_appetite":-0.2778686086211157,"species_vitality_on_speed":0.0,"species_weight_on_speed":-0.0,"species_weight_on_stamina":-0.2715805705675445,"species_weight_on_vitality":0.2699521666814953}