{"chromosome_structure":{"ba":{"length":10,"start":110},"bh":{"length":10,"start":56},"bp":{"length":10,"start":92},"bs":{"length":10,"start":18},"bv":{"length":10,"start":0},"bw":{"length":10,"start":66},"gn":{"length":1,"start":130},"hm":{"length":8,"start":76},"im":{"length":10,"start":120},"mh":{"length":10,"start":36},"mw":{"length":10,"start":46},"pm":{"length":8,"start":102},"sm":{"length":8,"start":28},"vm":{"length":8,"start":10},"wm":{"length":8,"start":84}},"conceiving_probability":0.9260343648137485,"mating_age_end":23.330203222308086,"mating_age_start":9.517484422816104,"mutation_probability":0.010133792087647836,"offsprings_factor":10.02912381673865,"species_age_fitness_on_death_ratio":9.05657715688522,"species_age_on_death":3.345993815923996,"species_chromosome_number":256,"species_fitness_on_death":66.96368180292932,"species_height_on_speed":-0.05025306483243385,"species_height_on_stamina":-0.047305155666847634,"species_height_on_vitality":0.08821324407890789,"species_max_age":23.70186400784941,"species_sleep_restore_factor":31.038023022705,"species_stamina_on_appetite":-0.28599564458662474,"species_stamina_on_speed":0.5247522660726385,"species_theoretical_maximum_base_appetite":9834.237567022392,"species_theoretical_maximum_base_height":0.5478104006354789,"species_theoretical_maximum_base_speed":15.261846938753793,"species_theoretical_maximum_base_stamina":10738.720729514627,"species_theoretical_maximum_base_vitality":10224.028592282308,"species_theoretical_maximum_base_weight":20.14855694004419,"species_theoretical_maximum_height":4.744156454413565,"species_theoretical_maximum_height_multiplier":1.0618370258486767,"species_theoretical_maximum_speed":159.332335236909,"species_theoretical_maximum_speed_multiplier":0.9708116458647816,"species_theoretical_maximum_stamina_multiplier":1.0032461876058887,"species_theoretical_maximum_vitality_multiplier":0.9081310178869079,"species_theoretical_maximum_weight":409.39498181368396,"species_theoretical_maximum_weight_multiplier":0.9259917451460534,"species_vitality_on_appetite":-0.3110943709939874,"species_vitality_on_speed":0.0,"species_weight_on_speed":-0.0,"species_weight_on_stamina":-0.24238266440332365,"species_weight_on_vitality":0.22308922774518594}